{"cameraMode":{"drawMode":0,"name":"Shaded","section":"Shading Mode"},"sceneLighting":true,"audioPlay":false,"sceneViewState":{"m_AlwaysRefresh":false,"showFog":true,"showSkybox":true,"showFlares":true,"showImageEffects":true,"showParticleSystems":true,"showVisualEffectGraphs":true,"m_FxEnabled":true},"in2DMode":false,"pivot":{"x":0.03933161869645119,"y":0.07335412502288819,"z":0.05857434868812561},"rotation":{"x":-0.33085355162620547,"y":-0.0031168158166110517,"z":0.001092652790248394,"w":-0.9436770677566528},"size":0.4881058633327484,"orthographic":false}